dataset_name,algo,test_size,thresholds,f1_mean,f1_std,auc_mean,auc_std,avpr_mean,avpr_std
arrhythmia,algo1,0.2,estimated,0.46350851100116885,0.1057181853966284,0.808595755133419,0.06386976171013077,0.4829874503123292,0.12182545910214808
thyroid,algo1,0.2,estimated,0.43068689519076,0.09680519901329729,0.9284156418314093,0.03028106437834547,0.484279831978971,0.1038483898615714
